sweep,config,seed,scene,noise,k,tau_pca,tau_disp,method,true_dim,dim,max_angle_deg,Q
noise,scale1.000000_phase0.000000,20261009,plane,0.000000,3,0.030000,0.100000,zhang,3,3,0.000000,0.022971
noise,scale1.000000_phase0.000000,20261009,plane,0.000000,3,0.030000,0.100000,lili,3,3,0.000001,0.022942
noise,scale1.000000_phase0.000000,20261009,plane,0.000000,3,0.030000,0.100000,lili_ablated,3,3,0.000001,0.022942
noise,scale1.000000_phase0.000000,20261009,closed_cylinder,0.000000,3,0.030000,0.100000,zhang,2,2,0.000006,0.023074
noise,scale1.000000_phase0.000000,20261009,closed_cylinder,0.000000,3,0.030000,0.100000,lili,2,2,0.000001,0.023271
noise,scale1.000000_phase0.000000,20261009,closed_cylinder,0.000000,3,0.030000,0.100000,lili_ablated,2,2,0.749749,0.022669
noise,scale1.000000_phase0.000000,20261009,open_cylinder,0.000000,3,0.030000,0.100000,zhang,2,2,0.000006,0.023074
noise,scale1.000000_phase0.000000,20261009,open_cylinder,0.000000,3,0.030000,0.100000,lili,2,2,0.000001,0.023495
noise,scale1.000000_phase0.000000,20261009,open_cylinder,0.000000,3,0.030000,0.100000,lili_ablated,2,2,0.729951,0.022635
noise,scale1.000000_phase0.000000,20261009,sinusoidal_cylinder,0.000000,3,0.030000,0.100000,zhang,1,1,0.000006,0.011208
noise,scale1.000000_phase0.000000,20261009,sinusoidal_cylinder,0.000000,3,0.030000,0.100000,lili,1,1,0.000000,0.011208
noise,scale1.000000_phase0.000000,20261009,sinusoidal_cylinder,0.000000,3,0.030000,0.100000,lili_ablated,1,2,0.519191,0.031843
noise,scale1.000000_phase0.000000,20261009,screw_tube,0.000000,3,0.030000,0.100000,zhang,1,2,0.782278,0.011836
noise,scale1.000000_phase0.000000,20261009,screw_tube,0.000000,3,0.030000,0.100000,lili,1,1,0.104831,0.008334
noise,scale1.000000_phase0.000000,20261009,screw_tube,0.000000,3,0.030000,0.100000,lili_ablated,1,1,5.953258,0.019947
noise,scale1.000000_phase0.000000,20261009,random_surface,0.000000,3,0.030000,0.100000,zhang,0,0,0.000000,0.000000
noise,scale1.000000_phase0.000000,20261009,random_surface,0.000000,3,0.030000,0.100000,lili,0,0,0.000000,0.000000
noise,scale1.000000_phase0.000000,20261009,random_surface,0.000000,3,0.030000,0.100000,lili_ablated,0,3,0.000000,0.156518
noise,scale1.000000_phase0.000000,20262022,plane,0.000000,3,0.030000,0.100000,zhang,3,3,0.000000,0.022971
noise,scale1.000000_phase0.000000,20262022,plane,0.000000,3,0.030000,0.100000,lili,3,3,0.000001,0.022942
noise,scale1.000000_phase0.000000,20262022,plane,0.000000,3,0.030000,0.100000,lili_ablated,3,3,0.000001,0.022942
noise,scale1.000000_phase0.000000,20262022,closed_cylinder,0.000000,3,0.030000,0.100000,zhang,2,2,0.000006,0.023074
noise,scale1.000000_phase0.000000,20262022,closed_cylinder,0.000000,3,0.030000,0.100000,lili,2,2,0.000001,0.023271
noise,scale1.000000_phase0.000000,20262022,closed_cylinder,0.000000,3,0.030000,0.100000,lili_ablated,2,2,0.749749,0.022669
noise,scale1.000000_phase0.000000,20262022,open_cylinder,0.000000,3,0.030000,0.100000,zhang,2,2,0.000006,0.023074
noise,scale1.000000_phase0.000000,20262022,open_cylinder,0.000000,3,0.030000,0.100000,lili,2,2,0.000001,0.023495
noise,scale1.000000_phase0.000000,20262022,open_cylinder,0.000000,3,0.030000,0.100000,lili_ablated,2,2,0.729951,0.022635
noise,scale1.000000_phase0.000000,20262022,sinusoidal_cylinder,0.000000,3,0.030000,0.100000,zhang,1,1,0.000006,0.011208
noise,scale1.000000_phase0.000000,20262022,sinusoidal_cylinder,0.000000,3,0.030000,0.100000,lili,1,1,0.000000,0.011208
noise,scale1.000000_phase0.000000,20262022,sinusoidal_cylinder,0.000000,3,0.030000,0.100000,lili_ablated,1,2,0.519191,0.031843
noise,scale1.000000_phase0.000000,20262022,screw_tube,0.000000,3,0.030000,0.100000,zhang,1,2,0.782278,0.011836
noise,scale1.000000_phase0.000000,20262022,screw_tube,0.000000,3,0.030000,0.100000,lili,1,1,0.104831,0.008334
noise,scale1.000000_phase0.000000,20262022,screw_tube,0.000000,3,0.030000,0.100000,lili_ablated,1,1,5.953258,0.019947
noise,scale1.000000_phase0.000000,20262022,random_surface,0.000000,3,0.030000,0.100000,zhang,0,0,0.000000,0.000000
noise,scale1.000000_phase0.000000,20262022,random_surface,0.000000,3,0.030000,0.100000,lili,0,0,0.000000,0.000000
noise,scale1.000000_phase0.000000,20262022,random_surface,0.000000,3,0.030000,0.100000,lili_ablated,0,3,0.000000,0.156518
noise,scale1.000000_phase0.000000,20263035,plane,0.000000,3,0.030000,0.100000,zhang,3,3,0.000000,0.022971
noise,scale1.000000_phase0.000000,20263035,plane,0.000000,3,0.030000,0.100000,lili,3,3,0.000001,0.022942
noise,scale1.000000_phase0.000000,20263035,plane,0.000000,3,0.030000,0.100000,lili_ablated,3,3,0.000001,0.022942
noise,scale1.000000_phase0.000000,20263035,closed_cylinder,0.000000,3,0.030000,0.100000,zhang,2,2,0.000006,0.023074
noise,scale1.000000_phase0.000000,20263035,closed_cylinder,0.000000,3,0.030000,0.100000,lili,2,2,0.000001,0.023271
noise,scale1.000000_phase0.000000,20263035,closed_cylinder,0.000000,3,0.030000,0.100000,lili_ablated,2,2,0.749749,0.022669
noise,scale1.000000_phase0.000000,20263035,open_cylinder,0.000000,3,0.030000,0.100000,zhang,2,2,0.000006,0.023074
noise,scale1.000000_phase0.000000,20263035,open_cylinder,0.000000,3,0.030000,0.100000,lili,2,2,0.000001,0.023495
noise,scale1.000000_phase0.000000,20263035,open_cylinder,0.000000,3,0.030000,0.100000,lili_ablated,2,2,0.729951,0.022635
noise,scale1.000000_phase0.000000,20263035,sinusoidal_cylinder,0.000000,3,0.030000,0.100000,zhang,1,1,0.000006,0.011208
noise,scale1.000000_phase0.000000,20263035,sinusoidal_cylinder,0.000000,3,0.030000,0.100000,lili,1,1,0.000000,0.011208
noise,scale1.000000_phase0.000000,20263035,sinusoidal_cylinder,0.000000,3,0.030000,0.100000,lili_ablated,1,2,0.519191,0.031843
noise,scale1.000000_phase0.000000,20263035,screw_tube,0.000000,3,0.030000,0.100000,zhang,1,2,0.782278,0.011836
noise,scale1.000000_phase0.000000,20263035,screw_tube,0.000000,3,0.030000,0.100000,lili,1,1,0.104831,0.008334
noise,scale1.000000_phase0.000000,20263035,screw_tube,0.000000,3,0.030000,0.100000,lili_ablated,1,1,5.953258,0.019947
noise,scale1.000000_phase0.000000,20263035,random_surface,0.000000,3,0.030000,0.100000,zhang,0,0,0.000000,0.000000
noise,scale1.000000_phase0.000000,20263035,random_surface,0.000000,3,0.030000,0.100000,lili,0,0,0.000000,0.000000
noise,scale1.000000_phase0.000000,20263035,random_surface,0.000000,3,0.030000,0.100000,lili_ablated,0,3,0.000000,0.156518
noise,scale1.000000_phase0.000000,20261009,plane,0.010000,3,0.030000,0.100000,zhang,3,3,0.101528,0.027564
noise,scale1.000000_phase0.000000,20261009,plane,0.010000,3,0.030000,0.100000,lili,3,3,1.035644,0.028131
noise,scale1.000000_phase0.000000,20261009,plane,0.010000,3,0.030000,0.100000,lili_ablated,3,3,12.780948,0.060032
noise,scale1.000000_phase0.000000,20261009,closed_cylinder,0.010000,3,0.030000,0.100000,zhang,2,2,0.304850,0.030335
noise,scale1.000000_phase0.000000,20261009,closed_cylinder,0.010000,3,0.030000,0.100000,lili,2,2,3.388250,0.030992
noise,scale1.000000_phase0.000000,20261009,closed_cylinder,0.010000,3,0.030000,0.100000,lili_ablated,2,2,16.043917,0.051705
noise,scale1.000000_phase0.000000,20261009,open_cylinder,0.010000,3,0.030000,0.100000,zhang,2,2,1.151026,0.030397
noise,scale1.000000_phase0.000000,20261009,open_cylinder,0.010000,3,0.030000,0.100000,lili,2,1,52.675068,0.025511
noise,scale1.000000_phase0.000000,20261009,open_cylinder,0.010000,3,0.030000,0.100000,lili_ablated,2,2,14.923647,0.059584
noise,scale1.000000_phase0.000000,20261009,sinusoidal_cylinder,0.010000,3,0.030000,0.100000,zhang,1,1,1.458819,0.024530
noise,scale1.000000_phase0.000000,20261009,sinusoidal_cylinder,0.010000,3,0.030000,0.100000,lili,1,1,7.828014,0.024562
noise,scale1.000000_phase0.000000,20261009,sinusoidal_cylinder,0.010000,3,0.030000,0.100000,lili_ablated,1,2,6.247293,0.059623
noise,scale1.000000_phase0.000000,20261009,screw_tube,0.010000,3,0.030000,0.100000,zhang,1,2,4.571776,0.015198
noise,scale1.000000_phase0.000000,20261009,screw_tube,0.010000,3,0.030000,0.100000,lili,1,1,0.739881,0.014090
noise,scale1.000000_phase0.000000,20261009,screw_tube,0.010000,3,0.030000,0.100000,lili_ablated,1,2,80.595234,0.026515
noise,scale1.000000_phase0.000000,20261009,random_surface,0.010000,3,0.030000,0.100000,zhang,0,0,0.000000,0.021504
noise,scale1.000000_phase0.000000,20261009,random_surface,0.010000,3,0.030000,0.100000,lili,0,0,0.000000,0.021504
noise,scale1.000000_phase0.000000,20261009,random_surface,0.010000,3,0.030000,0.100000,lili_ablated,0,3,0.000000,0.116457
noise,scale1.000000_phase0.000000,20262022,plane,0.010000,3,0.030000,0.100000,zhang,3,3,0.139467,0.027808
noise,scale1.000000_phase0.000000,20262022,plane,0.010000,3,0.030000,0.100000,lili,3,3,0.778457,0.028193
noise,scale1.000000_phase0.000000,20262022,plane,0.010000,3,0.030000,0.100000,lili_ablated,3,3,12.473425,0.057412
noise,scale1.000000_phase0.000000,20262022,closed_cylinder,0.010000,3,0.030000,0.100000,zhang,2,2,1.067462,0.030033
noise,scale1.000000_phase0.000000,20262022,closed_cylinder,0.010000,3,0.030000,0.100000,lili,2,2,1.757590,0.030310
noise,scale1.000000_phase0.000000,20262022,closed_cylinder,0.010000,3,0.030000,0.100000,lili_ablated,2,2,16.103373,0.053504
noise,scale1.000000_phase0.000000,20262022,open_cylinder,0.010000,3,0.030000,0.100000,zhang,2,2,0.522738,0.030404
noise,scale1.000000_phase0.000000,20262022,open_cylinder,0.010000,3,0.030000,0.100000,lili,2,1,50.757793,0.025269
noise,scale1.000000_phase0.000000,20262022,open_cylinder,0.010000,3,0.030000,0.100000,lili_ablated,2,2,17.571529,0.057409
noise,scale1.000000_phase0.000000,20262022,sinusoidal_cylinder,0.010000,3,0.030000,0.100000,zhang,1,1,0.640020,0.024439
noise,scale1.000000_phase0.000000,20262022,sinusoidal_cylinder,0.010000,3,0.030000,0.100000,lili,1,1,1.352307,0.024620
noise,scale1.000000_phase0.000000,20262022,sinusoidal_cylinder,0.010000,3,0.030000,0.100000,lili_ablated,1,3,78.567064,0.126997
noise,scale1.000000_phase0.000000,20262022,screw_tube,0.010000,3,0.030000,0.100000,zhang,1,2,3.581715,0.015200
noise,scale1.000000_phase0.000000,20262022,screw_tube,0.010000,3,0.030000,0.100000,lili,1,1,4.978780,0.014214
noise,scale1.000000_phase0.000000,20262022,screw_tube,0.010000,3,0.030000,0.100000,lili_ablated,1,2,81.364511,0.034253
noise,scale1.000000_phase0.000000,20262022,random_surface,0.010000,3,0.030000,0.100000,zhang,0,0,0.000000,0.021874
noise,scale1.000000_phase0.000000,20262022,random_surface,0.010000,3,0.030000,0.100000,lili,0,0,0.000000,0.021874
noise,scale1.000000_phase0.000000,20262022,random_surface,0.010000,3,0.030000,0.100000,lili_ablated,0,3,0.000000,0.116167
noise,scale1.000000_phase0.000000,20263035,plane,0.010000,3,0.030000,0.100000,zhang,3,3,0.064793,0.028170
noise,scale1.000000_phase0.000000,20263035,plane,0.010000,3,0.030000,0.100000,lili,3,3,0.777689,0.028242
noise,scale1.000000_phase0.000000,20263035,plane,0.010000,3,0.030000,0.100000,lili_ablated,3,3,12.233200,0.058319
noise,scale1.000000_phase0.000000,20263035,closed_cylinder,0.010000,3,0.030000,0.100000,zhang,2,2,0.449905,0.030425
noise,scale1.000000_phase0.000000,20263035,closed_cylinder,0.010000,3,0.030000,0.100000,lili,2,2,0.957692,0.030184
noise,scale1.000000_phase0.000000,20263035,closed_cylinder,0.010000,3,0.030000,0.100000,lili_ablated,2,2,13.469984,0.049851
noise,scale1.000000_phase0.000000,20263035,open_cylinder,0.010000,3,0.030000,0.100000,zhang,2,2,0.611085,0.030812
noise,scale1.000000_phase0.000000,20263035,open_cylinder,0.010000,3,0.030000,0.100000,lili,2,2,2.664629,0.030744
noise,scale1.000000_phase0.000000,20263035,open_cylinder,0.010000,3,0.030000,0.100000,lili_ablated,2,2,15.555395,0.058818
noise,scale1.000000_phase0.000000,20263035,sinusoidal_cylinder,0.010000,3,0.030000,0.100000,zhang,1,1,2.213316,0.024478
noise,scale1.000000_phase0.000000,20263035,sinusoidal_cylinder,0.010000,3,0.030000,0.100000,lili,1,1,5.405418,0.024652
noise,scale1.000000_phase0.000000,20263035,sinusoidal_cylinder,0.010000,3,0.030000,0.100000,lili_ablated,1,2,11.385110,0.059733
noise,scale1.000000_phase0.000000,20263035,screw_tube,0.010000,3,0.030000,0.100000,zhang,1,2,4.025681,0.015046
noise,scale1.000000_phase0.000000,20263035,screw_tube,0.010000,3,0.030000,0.100000,lili,1,1,4.080819,0.013941
noise,scale1.000000_phase0.000000,20263035,screw_tube,0.010000,3,0.030000,0.100000,lili_ablated,1,2,11.035966,0.027959
noise,scale1.000000_phase0.000000,20263035,random_surface,0.010000,3,0.030000,0.100000,zhang,0,0,0.000000,0.021616
noise,scale1.000000_phase0.000000,20263035,random_surface,0.010000,3,0.030000,0.100000,lili,0,0,0.000000,0.021616
noise,scale1.000000_phase0.000000,20263035,random_surface,0.010000,3,0.030000,0.100000,lili_ablated,0,3,0.000000,0.115471
noise,scale1.000000_phase0.000000,20261009,plane,0.020000,3,0.030000,0.100000,zhang,3,3,0.295587,0.035630
noise,scale1.000000_phase0.000000,20261009,plane,0.020000,3,0.030000,0.100000,lili,3,3,3.276283,0.036575
noise,scale1.000000_phase0.000000,20261009,plane,0.020000,3,0.030000,0.100000,lili_ablated,3,3,29.367514,0.114177
noise,scale1.000000_phase0.000000,20261009,closed_cylinder,0.020000,3,0.030000,0.100000,zhang,2,2,1.031344,0.038697
noise,scale1.000000_phase0.000000,20261009,closed_cylinder,0.020000,3,0.030000,0.100000,lili,2,2,2.640258,0.038827
noise,scale1.000000_phase0.000000,20261009,closed_cylinder,0.020000,3,0.030000,0.100000,lili_ablated,2,2,34.535295,0.062847
noise,scale1.000000_phase0.000000,20261009,open_cylinder,0.020000,3,0.030000,0.100000,zhang,2,2,1.984726,0.038962
noise,scale1.000000_phase0.000000,20261009,open_cylinder,0.020000,3,0.030000,0.100000,lili,2,2,3.209542,0.039949
noise,scale1.000000_phase0.000000,20261009,open_cylinder,0.020000,3,0.030000,0.100000,lili_ablated,2,2,29.120548,0.075922
noise,scale1.000000_phase0.000000,20261009,sinusoidal_cylinder,0.020000,3,0.030000,0.100000,zhang,1,1,6.937431,0.031237
noise,scale1.000000_phase0.000000,20261009,sinusoidal_cylinder,0.020000,3,0.030000,0.100000,lili,1,1,11.166082,0.030991
noise,scale1.000000_phase0.000000,20261009,sinusoidal_cylinder,0.020000,3,0.030000,0.100000,lili_ablated,1,4,55.844450,0.234082
noise,scale1.000000_phase0.000000,20261009,screw_tube,0.020000,3,0.030000,0.100000,zhang,1,2,8.908290,0.018315
noise,scale1.000000_phase0.000000,20261009,screw_tube,0.020000,3,0.030000,0.100000,lili,1,1,11.858782,0.017953
noise,scale1.000000_phase0.000000,20261009,screw_tube,0.020000,3,0.030000,0.100000,lili_ablated,1,1,14.057284,0.021684
noise,scale1.000000_phase0.000000,20261009,random_surface,0.020000,3,0.030000,0.100000,zhang,0,0,0.000000,0.031609
noise,scale1.000000_phase0.000000,20261009,random_surface,0.020000,3,0.030000,0.100000,lili,0,0,0.000000,0.031609
noise,scale1.000000_phase0.000000,20261009,random_surface,0.020000,3,0.030000,0.100000,lili_ablated,0,3,0.000000,0.170570
noise,scale1.000000_phase0.000000,20262022,plane,0.020000,3,0.030000,0.100000,zhang,3,3,0.316423,0.036436
noise,scale1.000000_phase0.000000,20262022,plane,0.020000,3,0.030000,0.100000,lili,3,3,2.597731,0.036034
noise,scale1.000000_phase0.000000,20262022,plane,0.020000,3,0.030000,0.100000,lili_ablated,3,3,29.265889,0.106786
noise,scale1.000000_phase0.000000,20262022,closed_cylinder,0.020000,3,0.030000,0.100000,zhang,2,2,1.840678,0.038119
noise,scale1.000000_phase0.000000,20262022,closed_cylinder,0.020000,3,0.030000,0.100000,lili,2,2,2.522885,0.039280
noise,scale1.000000_phase0.000000,20262022,closed_cylinder,0.020000,3,0.030000,0.100000,lili_ablated,2,3,30.617964,0.175438
noise,scale1.000000_phase0.000000,20262022,open_cylinder,0.020000,3,0.030000,0.100000,zhang,2,2,0.763639,0.039307
noise,scale1.000000_phase0.000000,20262022,open_cylinder,0.020000,3,0.030000,0.100000,lili,2,2,10.191340,0.040161
noise,scale1.000000_phase0.000000,20262022,open_cylinder,0.020000,3,0.030000,0.100000,lili_ablated,2,3,27.438656,0.262042
noise,scale1.000000_phase0.000000,20262022,sinusoidal_cylinder,0.020000,3,0.030000,0.100000,zhang,1,1,3.883060,0.030923
noise,scale1.000000_phase0.000000,20262022,sinusoidal_cylinder,0.020000,3,0.030000,0.100000,lili,1,1,3.470860,0.031079
noise,scale1.000000_phase0.000000,20262022,sinusoidal_cylinder,0.020000,3,0.030000,0.100000,lili_ablated,1,4,56.849238,0.213877
noise,scale1.000000_phase0.000000,20262022,screw_tube,0.020000,3,0.030000,0.100000,zhang,1,2,7.646742,0.018520
noise,scale1.000000_phase0.000000,20262022,screw_tube,0.020000,3,0.030000,0.100000,lili,1,1,18.283869,0.017899
noise,scale1.000000_phase0.000000,20262022,screw_tube,0.020000,3,0.030000,0.100000,lili_ablated,1,1,10.456853,0.018377
noise,scale1.000000_phase0.000000,20262022,random_surface,0.020000,3,0.030000,0.100000,zhang,0,0,0.000000,0.033544
noise,scale1.000000_phase0.000000,20262022,random_surface,0.020000,3,0.030000,0.100000,lili,0,0,0.000000,0.033544
noise,scale1.000000_phase0.000000,20262022,random_surface,0.020000,3,0.030000,0.100000,lili_ablated,0,3,0.000000,0.162263
noise,scale1.000000_phase0.000000,20263035,plane,0.020000,3,0.030000,0.100000,zhang,3,3,0.176816,0.035175
noise,scale1.000000_phase0.000000,20263035,plane,0.020000,3,0.030000,0.100000,lili,3,3,2.059445,0.036374
noise,scale1.000000_phase0.000000,20263035,plane,0.020000,3,0.030000,0.100000,lili_ablated,3,3,29.240526,0.115847
noise,scale1.000000_phase0.000000,20263035,closed_cylinder,0.020000,3,0.030000,0.100000,zhang,2,2,0.826717,0.039058
noise,scale1.000000_phase0.000000,20263035,closed_cylinder,0.020000,3,0.030000,0.100000,lili,2,2,4.614380,0.039320
noise,scale1.000000_phase0.000000,20263035,closed_cylinder,0.020000,3,0.030000,0.100000,lili_ablated,2,3,86.341839,0.199081
noise,scale1.000000_phase0.000000,20263035,open_cylinder,0.020000,3,0.030000,0.100000,zhang,2,2,0.970854,0.039942
noise,scale1.000000_phase0.000000,20263035,open_cylinder,0.020000,3,0.030000,0.100000,lili,2,2,9.342045,0.040912
noise,scale1.000000_phase0.000000,20263035,open_cylinder,0.020000,3,0.030000,0.100000,lili_ablated,2,3,25.606107,0.269720
noise,scale1.000000_phase0.000000,20263035,sinusoidal_cylinder,0.020000,3,0.030000,0.100000,zhang,1,1,4.565736,0.031614
noise,scale1.000000_phase0.000000,20263035,sinusoidal_cylinder,0.020000,3,0.030000,0.100000,lili,1,1,8.630810,0.031626
noise,scale1.000000_phase0.000000,20263035,sinusoidal_cylinder,0.020000,3,0.030000,0.100000,lili_ablated,1,3,89.578696,0.188228
noise,scale1.000000_phase0.000000,20263035,screw_tube,0.020000,3,0.030000,0.100000,zhang,1,2,8.631598,0.018641
noise,scale1.000000_phase0.000000,20263035,screw_tube,0.020000,3,0.030000,0.100000,lili,1,1,14.027313,0.017883
noise,scale1.000000_phase0.000000,20263035,screw_tube,0.020000,3,0.030000,0.100000,lili_ablated,1,3,81.228556,0.109390
noise,scale1.000000_phase0.000000,20263035,random_surface,0.020000,3,0.030000,0.100000,zhang,0,0,0.000000,0.032192
noise,scale1.000000_phase0.000000,20263035,random_surface,0.020000,3,0.030000,0.100000,lili,0,0,0.000000,0.032192
noise,scale1.000000_phase0.000000,20263035,random_surface,0.020000,3,0.030000,0.100000,lili_ablated,0,3,0.000000,0.148807
noise,scale1.000000_phase0.000000,20261009,plane,0.030000,3,0.030000,0.100000,zhang,3,3,0.703890,0.040964
noise,scale1.000000_phase0.000000,20261009,plane,0.030000,3,0.030000,0.100000,lili,3,3,4.390450,0.043875
noise,scale1.000000_phase0.000000,20261009,plane,0.030000,3,0.030000,0.100000,lili_ablated,3,3,40.327307,0.134186
noise,scale1.000000_phase0.000000,20261009,closed_cylinder,0.030000,3,0.030000,0.100000,zhang,2,1,0.581023,0.045322
noise,scale1.000000_phase0.000000,20261009,closed_cylinder,0.030000,3,0.030000,0.100000,lili,2,2,7.750264,0.046939
noise,scale1.000000_phase0.000000,20261009,closed_cylinder,0.030000,3,0.030000,0.100000,lili_ablated,2,3,85.663127,0.215069
noise,scale1.000000_phase0.000000,20261009,open_cylinder,0.030000,3,0.030000,0.100000,zhang,2,2,1.689043,0.044790
noise,scale1.000000_phase0.000000,20261009,open_cylinder,0.030000,3,0.030000,0.100000,lili,2,2,11.135307,0.071574
noise,scale1.000000_phase0.000000,20261009,open_cylinder,0.030000,3,0.030000,0.100000,lili_ablated,2,3,77.837413,0.211012
noise,scale1.000000_phase0.000000,20261009,sinusoidal_cylinder,0.030000,3,0.030000,0.100000,zhang,1,1,3.215812,0.036105
noise,scale1.000000_phase0.000000,20261009,sinusoidal_cylinder,0.030000,3,0.030000,0.100000,lili,1,2,89.986282,0.047346
noise,scale1.000000_phase0.000000,20261009,sinusoidal_cylinder,0.030000,3,0.030000,0.100000,lili_ablated,1,4,30.547451,0.252586
noise,scale1.000000_phase0.000000,20261009,screw_tube,0.030000,3,0.030000,0.100000,zhang,1,2,9.854981,0.021141
noise,scale1.000000_phase0.000000,20261009,screw_tube,0.030000,3,0.030000,0.100000,lili,1,2,11.082565,0.022393
noise,scale1.000000_phase0.000000,20261009,screw_tube,0.030000,3,0.030000,0.100000,lili_ablated,1,3,12.472200,0.174475
noise,scale1.000000_phase0.000000,20261009,random_surface,0.030000,3,0.030000,0.100000,zhang,0,0,0.000000,0.035895
noise,scale1.000000_phase0.000000,20261009,random_surface,0.030000,3,0.030000,0.100000,lili,0,0,0.000000,0.035895
noise,scale1.000000_phase0.000000,20261009,random_surface,0.030000,3,0.030000,0.100000,lili_ablated,0,3,0.000000,0.207467
noise,scale1.000000_phase0.000000,20262022,plane,0.030000,3,0.030000,0.100000,zhang,3,3,0.320941,0.041410
noise,scale1.000000_phase0.000000,20262022,plane,0.030000,3,0.030000,0.100000,lili,3,3,6.140419,0.043319
noise,scale1.000000_phase0.000000,20262022,plane,0.030000,3,0.030000,0.100000,lili_ablated,3,3,40.067146,0.132849
noise,scale1.000000_phase0.000000,20262022,closed_cylinder,0.030000,3,0.030000,0.100000,zhang,2,1,3.958588,0.043361
noise,scale1.000000_phase0.000000,20262022,closed_cylinder,0.030000,3,0.030000,0.100000,lili,2,2,11.200132,0.043874
noise,scale1.000000_phase0.000000,20262022,closed_cylinder,0.030000,3,0.030000,0.100000,lili_ablated,2,3,39.041593,0.146015
noise,scale1.000000_phase0.000000,20262022,open_cylinder,0.030000,3,0.030000,0.100000,zhang,2,1,0.435782,0.045833
noise,scale1.000000_phase0.000000,20262022,open_cylinder,0.030000,3,0.030000,0.100000,lili,2,2,14.739187,0.045840
noise,scale1.000000_phase0.000000,20262022,open_cylinder,0.030000,3,0.030000,0.100000,lili_ablated,2,3,87.532188,0.232971
noise,scale1.000000_phase0.000000,20262022,sinusoidal_cylinder,0.030000,3,0.030000,0.100000,zhang,1,1,2.585433,0.036071
noise,scale1.000000_phase0.000000,20262022,sinusoidal_cylinder,0.030000,3,0.030000,0.100000,lili,1,1,8.467681,0.036050
noise,scale1.000000_phase0.000000,20262022,sinusoidal_cylinder,0.030000,3,0.030000,0.100000,lili_ablated,1,3,63.035112,0.164999
noise,scale1.000000_phase0.000000,20262022,screw_tube,0.030000,3,0.030000,0.100000,zhang,1,2,9.741287,0.021210
noise,scale1.000000_phase0.000000,20262022,screw_tube,0.030000,3,0.030000,0.100000,lili,1,2,81.640597,0.025927
noise,scale1.000000_phase0.000000,20262022,screw_tube,0.030000,3,0.030000,0.100000,lili_ablated,1,1,13.037821,0.022047
noise,scale1.000000_phase0.000000,20262022,random_surface,0.030000,3,0.030000,0.100000,zhang,0,0,0.000000,0.038510
noise,scale1.000000_phase0.000000,20262022,random_surface,0.030000,3,0.030000,0.100000,lili,0,0,0.000000,0.038510
noise,scale1.000000_phase0.000000,20262022,random_surface,0.030000,3,0.030000,0.100000,lili_ablated,0,3,0.000000,0.206845
noise,scale1.000000_phase0.000000,20263035,plane,0.030000,3,0.030000,0.100000,zhang,3,3,0.284944,0.040827
noise,scale1.000000_phase0.000000,20263035,plane,0.030000,3,0.030000,0.100000,lili,3,3,5.483108,0.044184
noise,scale1.000000_phase0.000000,20263035,plane,0.030000,3,0.030000,0.100000,lili_ablated,3,3,41.256689,0.148032
noise,scale1.000000_phase0.000000,20263035,closed_cylinder,0.030000,3,0.030000,0.100000,zhang,2,1,0.302031,0.045309
noise,scale1.000000_phase0.000000,20263035,closed_cylinder,0.030000,3,0.030000,0.100000,lili,2,2,14.007592,0.048379
noise,scale1.000000_phase0.000000,20263035,closed_cylinder,0.030000,3,0.030000,0.100000,lili_ablated,2,3,51.588008,0.138174
noise,scale1.000000_phase0.000000,20263035,open_cylinder,0.030000,3,0.030000,0.100000,zhang,2,1,1.034387,0.045784
noise,scale1.000000_phase0.000000,20263035,open_cylinder,0.030000,3,0.030000,0.100000,lili,2,1,45.300938,0.038634
noise,scale1.000000_phase0.000000,20263035,open_cylinder,0.030000,3,0.030000,0.100000,lili_ablated,2,3,35.818577,0.242140
noise,scale1.000000_phase0.000000,20263035,sinusoidal_cylinder,0.030000,3,0.030000,0.100000,zhang,1,0,90.000000,0.037400
noise,scale1.000000_phase0.000000,20263035,sinusoidal_cylinder,0.030000,3,0.030000,0.100000,lili,1,2,5.505669,0.050265
noise,scale1.000000_phase0.000000,20263035,sinusoidal_cylinder,0.030000,3,0.030000,0.100000,lili_ablated,1,4,37.654109,0.275047
noise,scale1.000000_phase0.000000,20263035,screw_tube,0.030000,3,0.030000,0.100000,zhang,1,2,9.536738,0.020906
noise,scale1.000000_phase0.000000,20263035,screw_tube,0.030000,3,0.030000,0.100000,lili,1,2,11.925705,0.022653
noise,scale1.000000_phase0.000000,20263035,screw_tube,0.030000,3,0.030000,0.100000,lili_ablated,1,3,83.154829,0.163000
noise,scale1.000000_phase0.000000,20263035,random_surface,0.030000,3,0.030000,0.100000,zhang,0,0,0.000000,0.037163
noise,scale1.000000_phase0.000000,20263035,random_surface,0.030000,3,0.030000,0.100000,lili,0,0,0.000000,0.037163
noise,scale1.000000_phase0.000000,20263035,random_surface,0.030000,3,0.030000,0.100000,lili_ablated,0,3,0.000000,0.219127
noise,scale1.000000_phase0.000000,20261009,plane,0.050000,3,0.030000,0.100000,zhang,3,3,0.191105,0.049075
noise,scale1.000000_phase0.000000,20261009,plane,0.050000,3,0.030000,0.100000,lili,3,3,12.530368,0.055419
noise,scale1.000000_phase0.000000,20261009,plane,0.050000,3,0.030000,0.100000,lili_ablated,3,3,50.938772,0.153635
noise,scale1.000000_phase0.000000,20261009,closed_cylinder,0.050000,3,0.030000,0.100000,zhang,2,1,1.862879,0.052421
noise,scale1.000000_phase0.000000,20261009,closed_cylinder,0.050000,3,0.030000,0.100000,lili,2,2,11.818078,0.053420
noise,scale1.000000_phase0.000000,20261009,closed_cylinder,0.050000,3,0.030000,0.100000,lili_ablated,2,3,47.890996,0.155079
noise,scale1.000000_phase0.000000,20261009,open_cylinder,0.050000,3,0.030000,0.100000,zhang,2,1,2.484477,0.053863
noise,scale1.000000_phase0.000000,20261009,open_cylinder,0.050000,3,0.030000,0.100000,lili,2,2,25.454273,0.054919
noise,scale1.000000_phase0.000000,20261009,open_cylinder,0.050000,3,0.030000,0.100000,lili_ablated,2,4,88.694620,0.189897
noise,scale1.000000_phase0.000000,20261009,sinusoidal_cylinder,0.050000,3,0.030000,0.100000,zhang,1,0,90.000000,0.042258
noise,scale1.000000_phase0.000000,20261009,sinusoidal_cylinder,0.050000,3,0.030000,0.100000,lili,1,3,57.606636,0.084669
noise,scale1.000000_phase0.000000,20261009,sinusoidal_cylinder,0.050000,3,0.030000,0.100000,lili_ablated,1,4,83.746791,0.220764
noise,scale1.000000_phase0.000000,20261009,screw_tube,0.050000,3,0.030000,0.100000,zhang,1,1,13.337380,0.024612
noise,scale1.000000_phase0.000000,20261009,screw_tube,0.050000,3,0.030000,0.100000,lili,1,2,81.619605,0.030048
noise,scale1.000000_phase0.000000,20261009,screw_tube,0.050000,3,0.030000,0.100000,lili_ablated,1,3,88.644858,0.220458
noise,scale1.000000_phase0.000000,20261009,random_surface,0.050000,3,0.030000,0.100000,zhang,0,0,0.000000,0.044372
noise,scale1.000000_phase0.000000,20261009,random_surface,0.050000,3,0.030000,0.100000,lili,0,1,0.000000,0.054879
noise,scale1.000000_phase0.000000,20261009,random_surface,0.050000,3,0.030000,0.100000,lili_ablated,0,3,0.000000,0.252043
noise,scale1.000000_phase0.000000,20262022,plane,0.050000,3,0.030000,0.100000,zhang,3,3,0.242507,0.049608
noise,scale1.000000_phase0.000000,20262022,plane,0.050000,3,0.030000,0.100000,lili,3,3,9.640304,0.053567
noise,scale1.000000_phase0.000000,20262022,plane,0.050000,3,0.030000,0.100000,lili_ablated,3,3,51.151359,0.145876
noise,scale1.000000_phase0.000000,20262022,closed_cylinder,0.050000,3,0.030000,0.100000,zhang,2,1,5.773491,0.051249
noise,scale1.000000_phase0.000000,20262022,closed_cylinder,0.050000,3,0.030000,0.100000,lili,2,2,16.886727,0.056720
noise,scale1.000000_phase0.000000,20262022,closed_cylinder,0.050000,3,0.030000,0.100000,lili_ablated,2,3,58.421432,0.112108
noise,scale1.000000_phase0.000000,20262022,open_cylinder,0.050000,3,0.030000,0.100000,zhang,2,1,1.312032,0.054864
noise,scale1.000000_phase0.000000,20262022,open_cylinder,0.050000,3,0.030000,0.100000,lili,2,2,18.977836,0.053854
noise,scale1.000000_phase0.000000,20262022,open_cylinder,0.050000,3,0.030000,0.100000,lili_ablated,2,4,67.351756,0.196560
noise,scale1.000000_phase0.000000,20262022,sinusoidal_cylinder,0.050000,3,0.030000,0.100000,zhang,1,0,90.000000,0.041581
noise,scale1.000000_phase0.000000,20262022,sinusoidal_cylinder,0.050000,3,0.030000,0.100000,lili,1,2,11.733724,0.056022
noise,scale1.000000_phase0.000000,20262022,sinusoidal_cylinder,0.050000,3,0.030000,0.100000,lili_ablated,1,3,55.651147,0.169830
noise,scale1.000000_phase0.000000,20262022,screw_tube,0.050000,3,0.030000,0.100000,zhang,1,1,12.727511,0.025229
noise,scale1.000000_phase0.000000,20262022,screw_tube,0.050000,3,0.030000,0.100000,lili,1,3,85.901547,0.052446
noise,scale1.000000_phase0.000000,20262022,screw_tube,0.050000,3,0.030000,0.100000,lili_ablated,1,3,88.434112,0.202306
noise,scale1.000000_phase0.000000,20262022,random_surface,0.050000,3,0.030000,0.100000,zhang,0,0,0.000000,0.046362
noise,scale1.000000_phase0.000000,20262022,random_surface,0.050000,3,0.030000,0.100000,lili,0,2,0.000000,0.083663
noise,scale1.000000_phase0.000000,20262022,random_surface,0.050000,3,0.030000,0.100000,lili_ablated,0,4,0.000000,0.343147
noise,scale1.000000_phase0.000000,20263035,plane,0.050000,3,0.030000,0.100000,zhang,3,3,0.638413,0.048643
noise,scale1.000000_phase0.000000,20263035,plane,0.050000,3,0.030000,0.100000,lili,3,3,10.848597,0.053570
noise,scale1.000000_phase0.000000,20263035,plane,0.050000,3,0.030000,0.100000,lili_ablated,3,3,51.565097,0.168893
noise,scale1.000000_phase0.000000,20263035,closed_cylinder,0.050000,3,0.030000,0.100000,zhang,2,1,0.376552,0.053434
noise,scale1.000000_phase0.000000,20263035,closed_cylinder,0.050000,3,0.030000,0.100000,lili,2,3,90.000000,0.073071
noise,scale1.000000_phase0.000000,20263035,closed_cylinder,0.050000,3,0.030000,0.100000,lili_ablated,2,3,71.449249,0.104423
noise,scale1.000000_phase0.000000,20263035,open_cylinder,0.050000,3,0.030000,0.100000,zhang,2,1,1.784639,0.055545
noise,scale1.000000_phase0.000000,20263035,open_cylinder,0.050000,3,0.030000,0.100000,lili,2,3,90.000000,0.071173
noise,scale1.000000_phase0.000000,20263035,open_cylinder,0.050000,3,0.030000,0.100000,lili_ablated,2,4,88.977962,0.243988
noise,scale1.000000_phase0.000000,20263035,sinusoidal_cylinder,0.050000,3,0.030000,0.100000,zhang,1,0,90.000000,0.044226
noise,scale1.000000_phase0.000000,20263035,sinusoidal_cylinder,0.050000,3,0.030000,0.100000,lili,1,1,7.208650,0.044476
noise,scale1.000000_phase0.000000,20263035,sinusoidal_cylinder,0.050000,3,0.030000,0.100000,lili_ablated,1,3,63.465299,0.183959
noise,scale1.000000_phase0.000000,20263035,screw_tube,0.050000,3,0.030000,0.100000,zhang,1,1,12.750837,0.024449
noise,scale1.000000_phase0.000000,20263035,screw_tube,0.050000,3,0.030000,0.100000,lili,1,2,78.828932,0.028663
noise,scale1.000000_phase0.000000,20263035,screw_tube,0.050000,3,0.030000,0.100000,lili_ablated,1,3,86.435921,0.167180
noise,scale1.000000_phase0.000000,20263035,random_surface,0.050000,3,0.030000,0.100000,zhang,0,0,0.000000,0.046399
noise,scale1.000000_phase0.000000,20263035,random_surface,0.050000,3,0.030000,0.100000,lili,0,2,0.000000,0.093824
noise,scale1.000000_phase0.000000,20263035,random_surface,0.050000,3,0.030000,0.100000,lili_ablated,0,3,0.000000,0.233969
k,scale1.000000_phase0.000000,20261009,plane,0.020000,1,0.030000,0.100000,zhang,3,3,0.295587,0.035630
k,scale1.000000_phase0.000000,20261009,plane,0.020000,1,0.030000,0.100000,lili,3,3,6.189975,0.039193
k,scale1.000000_phase0.000000,20261009,closed_cylinder,0.020000,1,0.030000,0.100000,zhang,2,2,1.031344,0.038697
k,scale1.000000_phase0.000000,20261009,closed_cylinder,0.020000,1,0.030000,0.100000,lili,2,1,77.786020,0.031448
k,scale1.000000_phase0.000000,20261009,open_cylinder,0.020000,1,0.030000,0.100000,zhang,2,2,1.984726,0.038962
k,scale1.000000_phase0.000000,20261009,open_cylinder,0.020000,1,0.030000,0.100000,lili,2,2,9.310591,0.040056
k,scale1.000000_phase0.000000,20261009,sinusoidal_cylinder,0.020000,1,0.030000,0.100000,zhang,1,1,6.937431,0.031237
k,scale1.000000_phase0.000000,20261009,sinusoidal_cylinder,0.020000,1,0.030000,0.100000,lili,1,2,82.234794,0.059287
k,scale1.000000_phase0.000000,20261009,screw_tube,0.020000,1,0.030000,0.100000,zhang,1,2,8.908290,0.018315
k,scale1.000000_phase0.000000,20261009,screw_tube,0.020000,1,0.030000,0.100000,lili,1,2,79.895026,0.019686
k,scale1.000000_phase0.000000,20261009,random_surface,0.020000,1,0.030000,0.100000,zhang,0,0,0.000000,0.031609
k,scale1.000000_phase0.000000,20261009,random_surface,0.020000,1,0.030000,0.100000,lili,0,0,0.000000,0.031609
k,scale1.000000_phase0.000000,20262022,plane,0.020000,1,0.030000,0.100000,zhang,3,3,0.316423,0.036436
k,scale1.000000_phase0.000000,20262022,plane,0.020000,1,0.030000,0.100000,lili,3,3,16.369482,0.051043
k,scale1.000000_phase0.000000,20262022,closed_cylinder,0.020000,1,0.030000,0.100000,zhang,2,2,1.840678,0.038119
k,scale1.000000_phase0.000000,20262022,closed_cylinder,0.020000,1,0.030000,0.100000,lili,2,2,12.581773,0.045588
k,scale1.000000_phase0.000000,20262022,open_cylinder,0.020000,1,0.030000,0.100000,zhang,2,2,0.763639,0.039307
k,scale1.000000_phase0.000000,20262022,open_cylinder,0.020000,1,0.030000,0.100000,lili,2,2,6.207768,0.042434
k,scale1.000000_phase0.000000,20262022,sinusoidal_cylinder,0.020000,1,0.030000,0.100000,zhang,1,1,3.883060,0.030923
k,scale1.000000_phase0.000000,20262022,sinusoidal_cylinder,0.020000,1,0.030000,0.100000,lili,1,2,11.064717,0.053496
k,scale1.000000_phase0.000000,20262022,screw_tube,0.020000,1,0.030000,0.100000,zhang,1,2,7.646742,0.018520
k,scale1.000000_phase0.000000,20262022,screw_tube,0.020000,1,0.030000,0.100000,lili,1,2,80.075671,0.019198
k,scale1.000000_phase0.000000,20262022,random_surface,0.020000,1,0.030000,0.100000,zhang,0,0,0.000000,0.033544
k,scale1.000000_phase0.000000,20262022,random_surface,0.020000,1,0.030000,0.100000,lili,0,0,0.000000,0.033544
k,scale1.000000_phase0.000000,20263035,plane,0.020000,1,0.030000,0.100000,zhang,3,3,0.176816,0.035175
k,scale1.000000_phase0.000000,20263035,plane,0.020000,1,0.030000,0.100000,lili,3,3,6.898597,0.038741
k,scale1.000000_phase0.000000,20263035,closed_cylinder,0.020000,1,0.030000,0.100000,zhang,2,2,0.826717,0.039058
k,scale1.000000_phase0.000000,20263035,closed_cylinder,0.020000,1,0.030000,0.100000,lili,2,2,12.992695,0.050552
k,scale1.000000_phase0.000000,20263035,open_cylinder,0.020000,1,0.030000,0.100000,zhang,2,2,0.970854,0.039942
k,scale1.000000_phase0.000000,20263035,open_cylinder,0.020000,1,0.030000,0.100000,lili,2,1,74.688513,0.031671
k,scale1.000000_phase0.000000,20263035,sinusoidal_cylinder,0.020000,1,0.030000,0.100000,zhang,1,1,4.565736,0.031614
k,scale1.000000_phase0.000000,20263035,sinusoidal_cylinder,0.020000,1,0.030000,0.100000,lili,1,1,27.700704,0.032612
k,scale1.000000_phase0.000000,20263035,screw_tube,0.020000,1,0.030000,0.100000,zhang,1,2,8.631598,0.018641
k,scale1.000000_phase0.000000,20263035,screw_tube,0.020000,1,0.030000,0.100000,lili,1,2,79.828851,0.021312
k,scale1.000000_phase0.000000,20263035,random_surface,0.020000,1,0.030000,0.100000,zhang,0,0,0.000000,0.032192
k,scale1.000000_phase0.000000,20263035,random_surface,0.020000,1,0.030000,0.100000,lili,0,0,0.000000,0.032192
k,scale1.000000_phase0.000000,20261009,plane,0.020000,3,0.030000,0.100000,zhang,3,3,0.295587,0.035630
k,scale1.000000_phase0.000000,20261009,plane,0.020000,3,0.030000,0.100000,lili,3,3,3.276283,0.036575
k,scale1.000000_phase0.000000,20261009,closed_cylinder,0.020000,3,0.030000,0.100000,zhang,2,2,1.031344,0.038697
k,scale1.000000_phase0.000000,20261009,closed_cylinder,0.020000,3,0.030000,0.100000,lili,2,2,2.640258,0.038827
k,scale1.000000_phase0.000000,20261009,open_cylinder,0.020000,3,0.030000,0.100000,zhang,2,2,1.984726,0.038962
k,scale1.000000_phase0.000000,20261009,open_cylinder,0.020000,3,0.030000,0.100000,lili,2,2,3.209542,0.039949
k,scale1.000000_phase0.000000,20261009,sinusoidal_cylinder,0.020000,3,0.030000,0.100000,zhang,1,1,6.937431,0.031237
k,scale1.000000_phase0.000000,20261009,sinusoidal_cylinder,0.020000,3,0.030000,0.100000,lili,1,1,11.166082,0.030991
k,scale1.000000_phase0.000000,20261009,screw_tube,0.020000,3,0.030000,0.100000,zhang,1,2,8.908290,0.018315
k,scale1.000000_phase0.000000,20261009,screw_tube,0.020000,3,0.030000,0.100000,lili,1,1,11.858782,0.017953
k,scale1.000000_phase0.000000,20261009,random_surface,0.020000,3,0.030000,0.100000,zhang,0,0,0.000000,0.031609
k,scale1.000000_phase0.000000,20261009,random_surface,0.020000,3,0.030000,0.100000,lili,0,0,0.000000,0.031609
k,scale1.000000_phase0.000000,20262022,plane,0.020000,3,0.030000,0.100000,zhang,3,3,0.316423,0.036436
k,scale1.000000_phase0.000000,20262022,plane,0.020000,3,0.030000,0.100000,lili,3,3,2.597731,0.036034
k,scale1.000000_phase0.000000,20262022,closed_cylinder,0.020000,3,0.030000,0.100000,zhang,2,2,1.840678,0.038119
k,scale1.000000_phase0.000000,20262022,closed_cylinder,0.020000,3,0.030000,0.100000,lili,2,2,2.522885,0.039280
k,scale1.000000_phase0.000000,20262022,open_cylinder,0.020000,3,0.030000,0.100000,zhang,2,2,0.763639,0.039307
k,scale1.000000_phase0.000000,20262022,open_cylinder,0.020000,3,0.030000,0.100000,lili,2,2,10.191340,0.040161
k,scale1.000000_phase0.000000,20262022,sinusoidal_cylinder,0.020000,3,0.030000,0.100000,zhang,1,1,3.883060,0.030923
k,scale1.000000_phase0.000000,20262022,sinusoidal_cylinder,0.020000,3,0.030000,0.100000,lili,1,1,3.470860,0.031079
k,scale1.000000_phase0.000000,20262022,screw_tube,0.020000,3,0.030000,0.100000,zhang,1,2,7.646742,0.018520
k,scale1.000000_phase0.000000,20262022,screw_tube,0.020000,3,0.030000,0.100000,lili,1,1,18.283869,0.017899
k,scale1.000000_phase0.000000,20262022,random_surface,0.020000,3,0.030000,0.100000,zhang,0,0,0.000000,0.033544
k,scale1.000000_phase0.000000,20262022,random_surface,0.020000,3,0.030000,0.100000,lili,0,0,0.000000,0.033544
k,scale1.000000_phase0.000000,20263035,plane,0.020000,3,0.030000,0.100000,zhang,3,3,0.176816,0.035175
k,scale1.000000_phase0.000000,20263035,plane,0.020000,3,0.030000,0.100000,lili,3,3,2.059445,0.036374
k,scale1.000000_phase0.000000,20263035,closed_cylinder,0.020000,3,0.030000,0.100000,zhang,2,2,0.826717,0.039058
k,scale1.000000_phase0.000000,20263035,closed_cylinder,0.020000,3,0.030000,0.100000,lili,2,2,4.614380,0.039320
k,scale1.000000_phase0.000000,20263035,open_cylinder,0.020000,3,0.030000,0.100000,zhang,2,2,0.970854,0.039942
k,scale1.000000_phase0.000000,20263035,open_cylinder,0.020000,3,0.030000,0.100000,lili,2,2,9.342045,0.040912
k,scale1.000000_phase0.000000,20263035,sinusoidal_cylinder,0.020000,3,0.030000,0.100000,zhang,1,1,4.565736,0.031614
k,scale1.000000_phase0.000000,20263035,sinusoidal_cylinder,0.020000,3,0.030000,0.100000,lili,1,1,8.630810,0.031626
k,scale1.000000_phase0.000000,20263035,screw_tube,0.020000,3,0.030000,0.100000,zhang,1,2,8.631598,0.018641
k,scale1.000000_phase0.000000,20263035,screw_tube,0.020000,3,0.030000,0.100000,lili,1,1,14.027313,0.017883
k,scale1.000000_phase0.000000,20263035,random_surface,0.020000,3,0.030000,0.100000,zhang,0,0,0.000000,0.032192
k,scale1.000000_phase0.000000,20263035,random_surface,0.020000,3,0.030000,0.100000,lili,0,0,0.000000,0.032192
k,scale1.000000_phase0.000000,20261009,plane,0.020000,5,0.030000,0.100000,zhang,3,3,0.295587,0.035630
k,scale1.000000_phase0.000000,20261009,plane,0.020000,5,0.030000,0.100000,lili,3,3,1.318271,0.036411
k,scale1.000000_phase0.000000,20261009,closed_cylinder,0.020000,5,0.030000,0.100000,zhang,2,2,1.031344,0.038697
k,scale1.000000_phase0.000000,20261009,closed_cylinder,0.020000,5,0.030000,0.100000,lili,2,2,2.565236,0.039038
k,scale1.000000_phase0.000000,20261009,open_cylinder,0.020000,5,0.030000,0.100000,zhang,2,2,1.984726,0.038962
k,scale1.000000_phase0.000000,20261009,open_cylinder,0.020000,5,0.030000,0.100000,lili,2,2,3.472994,0.040111
k,scale1.000000_phase0.000000,20261009,sinusoidal_cylinder,0.020000,5,0.030000,0.100000,zhang,1,1,6.937431,0.031237
k,scale1.000000_phase0.000000,20261009,sinusoidal_cylinder,0.020000,5,0.030000,0.100000,lili,1,1,7.987509,0.031053
k,scale1.000000_phase0.000000,20261009,screw_tube,0.020000,5,0.030000,0.100000,zhang,1,2,8.908290,0.018315
k,scale1.000000_phase0.000000,20261009,screw_tube,0.020000,5,0.030000,0.100000,lili,1,2,10.813066,0.018641
k,scale1.000000_phase0.000000,20261009,random_surface,0.020000,5,0.030000,0.100000,zhang,0,0,0.000000,0.031609
k,scale1.000000_phase0.000000,20261009,random_surface,0.020000,5,0.030000,0.100000,lili,0,0,0.000000,0.031609
k,scale1.000000_phase0.000000,20262022,plane,0.020000,5,0.030000,0.100000,zhang,3,3,0.316423,0.036436
k,scale1.000000_phase0.000000,20262022,plane,0.020000,5,0.030000,0.100000,lili,3,3,0.801891,0.035521
k,scale1.000000_phase0.000000,20262022,closed_cylinder,0.020000,5,0.030000,0.100000,zhang,2,2,1.840678,0.038119
k,scale1.000000_phase0.000000,20262022,closed_cylinder,0.020000,5,0.030000,0.100000,lili,2,2,2.486970,0.037718
k,scale1.000000_phase0.000000,20262022,open_cylinder,0.020000,5,0.030000,0.100000,zhang,2,2,0.763639,0.039307
k,scale1.000000_phase0.000000,20262022,open_cylinder,0.020000,5,0.030000,0.100000,lili,2,2,2.902439,0.039244
k,scale1.000000_phase0.000000,20262022,sinusoidal_cylinder,0.020000,5,0.030000,0.100000,zhang,1,1,3.883060,0.030923
k,scale1.000000_phase0.000000,20262022,sinusoidal_cylinder,0.020000,5,0.030000,0.100000,lili,1,1,2.606234,0.031017
k,scale1.000000_phase0.000000,20262022,screw_tube,0.020000,5,0.030000,0.100000,zhang,1,2,7.646742,0.018520
k,scale1.000000_phase0.000000,20262022,screw_tube,0.020000,5,0.030000,0.100000,lili,1,1,8.724210,0.017798
k,scale1.000000_phase0.000000,20262022,random_surface,0.020000,5,0.030000,0.100000,zhang,0,0,0.000000,0.033544
k,scale1.000000_phase0.000000,20262022,random_surface,0.020000,5,0.030000,0.100000,lili,0,0,0.000000,0.033544
k,scale1.000000_phase0.000000,20263035,plane,0.020000,5,0.030000,0.100000,zhang,3,3,0.176816,0.035175
k,scale1.000000_phase0.000000,20263035,plane,0.020000,5,0.030000,0.100000,lili,3,3,1.732907,0.036367
k,scale1.000000_phase0.000000,20263035,closed_cylinder,0.020000,5,0.030000,0.100000,zhang,2,2,0.826717,0.039058
k,scale1.000000_phase0.000000,20263035,closed_cylinder,0.020000,5,0.030000,0.100000,lili,2,2,6.090940,0.039710
k,scale1.000000_phase0.000000,20263035,open_cylinder,0.020000,5,0.030000,0.100000,zhang,2,2,0.970854,0.039942
k,scale1.000000_phase0.000000,20263035,open_cylinder,0.020000,5,0.030000,0.100000,lili,2,2,4.342213,0.039837
k,scale1.000000_phase0.000000,20263035,sinusoidal_cylinder,0.020000,5,0.030000,0.100000,zhang,1,1,4.565736,0.031614
k,scale1.000000_phase0.000000,20263035,sinusoidal_cylinder,0.020000,5,0.030000,0.100000,lili,1,1,11.159942,0.031888
k,scale1.000000_phase0.000000,20263035,screw_tube,0.020000,5,0.030000,0.100000,zhang,1,2,8.631598,0.018641
k,scale1.000000_phase0.000000,20263035,screw_tube,0.020000,5,0.030000,0.100000,lili,1,1,17.947522,0.017911
k,scale1.000000_phase0.000000,20263035,random_surface,0.020000,5,0.030000,0.100000,zhang,0,0,0.000000,0.032192
k,scale1.000000_phase0.000000,20263035,random_surface,0.020000,5,0.030000,0.100000,lili,0,0,0.000000,0.032192
k,scale1.000000_phase0.000000,20261009,plane,0.020000,10,0.030000,0.100000,zhang,3,3,0.295587,0.035630
k,scale1.000000_phase0.000000,20261009,plane,0.020000,10,0.030000,0.100000,lili,3,3,0.417146,0.035313
k,scale1.000000_phase0.000000,20261009,closed_cylinder,0.020000,10,0.030000,0.100000,zhang,2,2,1.031344,0.038697
k,scale1.000000_phase0.000000,20261009,closed_cylinder,0.020000,10,0.030000,0.100000,lili,2,2,2.460363,0.039116
k,scale1.000000_phase0.000000,20261009,open_cylinder,0.020000,10,0.030000,0.100000,zhang,2,2,1.984726,0.038962
k,scale1.000000_phase0.000000,20261009,open_cylinder,0.020000,10,0.030000,0.100000,lili,2,2,1.334718,0.039085
k,scale1.000000_phase0.000000,20261009,sinusoidal_cylinder,0.020000,10,0.030000,0.100000,zhang,1,1,6.937431,0.031237
k,scale1.000000_phase0.000000,20261009,sinusoidal_cylinder,0.020000,10,0.030000,0.100000,lili,1,2,2.779357,0.045032
k,scale1.000000_phase0.000000,20261009,screw_tube,0.020000,10,0.030000,0.100000,zhang,1,2,8.908290,0.018315
k,scale1.000000_phase0.000000,20261009,screw_tube,0.020000,10,0.030000,0.100000,lili,1,2,70.348724,0.171785
k,scale1.000000_phase0.000000,20261009,random_surface,0.020000,10,0.030000,0.100000,zhang,0,0,0.000000,0.031609
k,scale1.000000_phase0.000000,20261009,random_surface,0.020000,10,0.030000,0.100000,lili,0,3,0.000000,0.233012
k,scale1.000000_phase0.000000,20262022,plane,0.020000,10,0.030000,0.100000,zhang,3,3,0.316423,0.036436
k,scale1.000000_phase0.000000,20262022,plane,0.020000,10,0.030000,0.100000,lili,3,3,0.767021,0.035756
k,scale1.000000_phase0.000000,20262022,closed_cylinder,0.020000,10,0.030000,0.100000,zhang,2,2,1.840678,0.038119
k,scale1.000000_phase0.000000,20262022,closed_cylinder,0.020000,10,0.030000,0.100000,lili,2,2,2.781618,0.038613
k,scale1.000000_phase0.000000,20262022,open_cylinder,0.020000,10,0.030000,0.100000,zhang,2,2,0.763639,0.039307
k,scale1.000000_phase0.000000,20262022,open_cylinder,0.020000,10,0.030000,0.100000,lili,2,2,0.981587,0.039116
k,scale1.000000_phase0.000000,20262022,sinusoidal_cylinder,0.020000,10,0.030000,0.100000,zhang,1,1,3.883060,0.030923
k,scale1.000000_phase0.000000,20262022,sinusoidal_cylinder,0.020000,10,0.030000,0.100000,lili,1,2,1.419019,0.046843
k,scale1.000000_phase0.000000,20262022,screw_tube,0.020000,10,0.030000,0.100000,zhang,1,2,7.646742,0.018520
k,scale1.000000_phase0.000000,20262022,screw_tube,0.020000,10,0.030000,0.100000,lili,1,3,26.043649,0.177592
k,scale1.000000_phase0.000000,20262022,random_surface,0.020000,10,0.030000,0.100000,zhang,0,0,0.000000,0.033544
k,scale1.000000_phase0.000000,20262022,random_surface,0.020000,10,0.030000,0.100000,lili,0,2,0.000000,0.169658
k,scale1.000000_phase0.000000,20263035,plane,0.020000,10,0.030000,0.100000,zhang,3,3,0.176816,0.035175
k,scale1.000000_phase0.000000,20263035,plane,0.020000,10,0.030000,0.100000,lili,3,3,0.896515,0.035134
k,scale1.000000_phase0.000000,20263035,closed_cylinder,0.020000,10,0.030000,0.100000,zhang,2,2,0.826717,0.039058
k,scale1.000000_phase0.000000,20263035,closed_cylinder,0.020000,10,0.030000,0.100000,lili,2,2,2.282221,0.038987
k,scale1.000000_phase0.000000,20263035,open_cylinder,0.020000,10,0.030000,0.100000,zhang,2,2,0.970854,0.039942
k,scale1.000000_phase0.000000,20263035,open_cylinder,0.020000,10,0.030000,0.100000,lili,2,2,2.300424,0.039194
k,scale1.000000_phase0.000000,20263035,sinusoidal_cylinder,0.020000,10,0.030000,0.100000,zhang,1,1,4.565736,0.031614
k,scale1.000000_phase0.000000,20263035,sinusoidal_cylinder,0.020000,10,0.030000,0.100000,lili,1,2,89.923661,0.045679
k,scale1.000000_phase0.000000,20263035,screw_tube,0.020000,10,0.030000,0.100000,zhang,1,2,8.631598,0.018641
k,scale1.000000_phase0.000000,20263035,screw_tube,0.020000,10,0.030000,0.100000,lili,1,3,15.727318,0.175396
k,scale1.000000_phase0.000000,20263035,random_surface,0.020000,10,0.030000,0.100000,zhang,0,0,0.000000,0.032192
k,scale1.000000_phase0.000000,20263035,random_surface,0.020000,10,0.030000,0.100000,lili,0,2,0.000000,0.190048
threshold,scale1.000000_phase0.000000,20261009,plane,0.020000,3,0.010000,0.050000,zhang,3,3,0.295587,0.035630
threshold,scale1.000000_phase0.000000,20261009,plane,0.020000,3,0.010000,0.050000,lili,3,3,3.276283,0.036575
threshold,scale1.000000_phase0.000000,20261009,closed_cylinder,0.020000,3,0.010000,0.050000,zhang,2,2,1.031344,0.038697
threshold,scale1.000000_phase0.000000,20261009,closed_cylinder,0.020000,3,0.010000,0.050000,lili,2,2,2.640258,0.038827
threshold,scale1.000000_phase0.000000,20261009,open_cylinder,0.020000,3,0.010000,0.050000,zhang,2,2,1.984726,0.038962
threshold,scale1.000000_phase0.000000,20261009,open_cylinder,0.020000,3,0.010000,0.050000,lili,2,2,3.209542,0.039949
threshold,scale1.000000_phase0.000000,20261009,sinusoidal_cylinder,0.020000,3,0.010000,0.050000,zhang,1,1,6.937431,0.031237
threshold,scale1.000000_phase0.000000,20261009,sinusoidal_cylinder,0.020000,3,0.010000,0.050000,lili,1,1,11.166082,0.030991
threshold,scale1.000000_phase0.000000,20261009,screw_tube,0.020000,3,0.010000,0.050000,zhang,1,2,8.908290,0.018315
threshold,scale1.000000_phase0.000000,20261009,screw_tube,0.020000,3,0.010000,0.050000,lili,1,2,79.982546,0.018838
threshold,scale1.000000_phase0.000000,20261009,random_surface,0.020000,3,0.010000,0.050000,zhang,0,0,0.000000,0.031609
threshold,scale1.000000_phase0.000000,20261009,random_surface,0.020000,3,0.010000,0.050000,lili,0,0,0.000000,0.031609
threshold,scale1.000000_phase0.000000,20261009,plane,0.020000,3,0.010000,0.100000,zhang,3,3,0.295587,0.035630
threshold,scale1.000000_phase0.000000,20261009,plane,0.020000,3,0.010000,0.100000,lili,3,3,3.276283,0.036575
threshold,scale1.000000_phase0.000000,20261009,closed_cylinder,0.020000,3,0.010000,0.100000,zhang,2,2,1.031344,0.038697
threshold,scale1.000000_phase0.000000,20261009,closed_cylinder,0.020000,3,0.010000,0.100000,lili,2,2,2.640258,0.038827
threshold,scale1.000000_phase0.000000,20261009,open_cylinder,0.020000,3,0.010000,0.100000,zhang,2,2,1.984726,0.038962
threshold,scale1.000000_phase0.000000,20261009,open_cylinder,0.020000,3,0.010000,0.100000,lili,2,2,3.209542,0.039949
threshold,scale1.000000_phase0.000000,20261009,sinusoidal_cylinder,0.020000,3,0.010000,0.100000,zhang,1,1,6.937431,0.031237
threshold,scale1.000000_phase0.000000,20261009,sinusoidal_cylinder,0.020000,3,0.010000,0.100000,lili,1,1,11.166082,0.030991
threshold,scale1.000000_phase0.000000,20261009,screw_tube,0.020000,3,0.010000,0.100000,zhang,1,2,8.908290,0.018315
threshold,scale1.000000_phase0.000000,20261009,screw_tube,0.020000,3,0.010000,0.100000,lili,1,2,79.982546,0.018838
threshold,scale1.000000_phase0.000000,20261009,random_surface,0.020000,3,0.010000,0.100000,zhang,0,0,0.000000,0.031609
threshold,scale1.000000_phase0.000000,20261009,random_surface,0.020000,3,0.010000,0.100000,lili,0,0,0.000000,0.031609
threshold,scale1.000000_phase0.000000,20261009,plane,0.020000,3,0.010000,0.300000,zhang,3,3,0.295587,0.035630
threshold,scale1.000000_phase0.000000,20261009,plane,0.020000,3,0.010000,0.300000,lili,3,3,3.276283,0.036575
threshold,scale1.000000_phase0.000000,20261009,closed_cylinder,0.020000,3,0.010000,0.300000,zhang,2,2,1.031344,0.038697
threshold,scale1.000000_phase0.000000,20261009,closed_cylinder,0.020000,3,0.010000,0.300000,lili,2,2,2.640258,0.038827
threshold,scale1.000000_phase0.000000,20261009,open_cylinder,0.020000,3,0.010000,0.300000,zhang,2,2,1.984726,0.038962
threshold,scale1.000000_phase0.000000,20261009,open_cylinder,0.020000,3,0.010000,0.300000,lili,2,2,3.328251,0.039994
threshold,scale1.000000_phase0.000000,20261009,sinusoidal_cylinder,0.020000,3,0.010000,0.300000,zhang,1,1,6.937431,0.031237
threshold,scale1.000000_phase0.000000,20261009,sinusoidal_cylinder,0.020000,3,0.010000,0.300000,lili,1,1,11.166082,0.030991
threshold,scale1.000000_phase0.000000,20261009,screw_tube,0.020000,3,0.010000,0.300000,zhang,1,2,8.908290,0.018315
threshold,scale1.000000_phase0.000000,20261009,screw_tube,0.020000,3,0.010000,0.300000,lili,1,2,79.982546,0.018838
threshold,scale1.000000_phase0.000000,20261009,random_surface,0.020000,3,0.010000,0.300000,zhang,0,0,0.000000,0.031609
threshold,scale1.000000_phase0.000000,20261009,random_surface,0.020000,3,0.010000,0.300000,lili,0,0,0.000000,0.031609
threshold,scale1.000000_phase0.000000,20261009,plane,0.020000,3,0.030000,0.050000,zhang,3,3,0.295587,0.035630
threshold,scale1.000000_phase0.000000,20261009,plane,0.020000,3,0.030000,0.050000,lili,3,3,3.276283,0.036575
threshold,scale1.000000_phase0.000000,20261009,closed_cylinder,0.020000,3,0.030000,0.050000,zhang,2,2,1.031344,0.038697
threshold,scale1.000000_phase0.000000,20261009,closed_cylinder,0.020000,3,0.030000,0.050000,lili,2,2,2.640258,0.038827
threshold,scale1.000000_phase0.000000,20261009,open_cylinder,0.020000,3,0.030000,0.050000,zhang,2,2,1.984726,0.038962
threshold,scale1.000000_phase0.000000,20261009,open_cylinder,0.020000,3,0.030000,0.050000,lili,2,2,3.209542,0.039949
threshold,scale1.000000_phase0.000000,20261009,sinusoidal_cylinder,0.020000,3,0.030000,0.050000,zhang,1,1,6.937431,0.031237
threshold,scale1.000000_phase0.000000,20261009,sinusoidal_cylinder,0.020000,3,0.030000,0.050000,lili,1,1,11.166082,0.030991
threshold,scale1.000000_phase0.000000,20261009,screw_tube,0.020000,3,0.030000,0.050000,zhang,1,2,8.908290,0.018315
threshold,scale1.000000_phase0.000000,20261009,screw_tube,0.020000,3,0.030000,0.050000,lili,1,1,11.858782,0.017953
threshold,scale1.000000_phase0.000000,20261009,random_surface,0.020000,3,0.030000,0.050000,zhang,0,0,0.000000,0.031609
threshold,scale1.000000_phase0.000000,20261009,random_surface,0.020000,3,0.030000,0.050000,lili,0,0,0.000000,0.031609
threshold,scale1.000000_phase0.000000,20261009,plane,0.020000,3,0.030000,0.100000,zhang,3,3,0.295587,0.035630
threshold,scale1.000000_phase0.000000,20261009,plane,0.020000,3,0.030000,0.100000,lili,3,3,3.276283,0.036575
threshold,scale1.000000_phase0.000000,20261009,closed_cylinder,0.020000,3,0.030000,0.100000,zhang,2,2,1.031344,0.038697
threshold,scale1.000000_phase0.000000,20261009,closed_cylinder,0.020000,3,0.030000,0.100000,lili,2,2,2.640258,0.038827
threshold,scale1.000000_phase0.000000,20261009,open_cylinder,0.020000,3,0.030000,0.100000,zhang,2,2,1.984726,0.038962
threshold,scale1.000000_phase0.000000,20261009,open_cylinder,0.020000,3,0.030000,0.100000,lili,2,2,3.209542,0.039949
threshold,scale1.000000_phase0.000000,20261009,sinusoidal_cylinder,0.020000,3,0.030000,0.100000,zhang,1,1,6.937431,0.031237
threshold,scale1.000000_phase0.000000,20261009,sinusoidal_cylinder,0.020000,3,0.030000,0.100000,lili,1,1,11.166082,0.030991
threshold,scale1.000000_phase0.000000,20261009,screw_tube,0.020000,3,0.030000,0.100000,zhang,1,2,8.908290,0.018315
threshold,scale1.000000_phase0.000000,20261009,screw_tube,0.020000,3,0.030000,0.100000,lili,1,1,11.858782,0.017953
threshold,scale1.000000_phase0.000000,20261009,random_surface,0.020000,3,0.030000,0.100000,zhang,0,0,0.000000,0.031609
threshold,scale1.000000_phase0.000000,20261009,random_surface,0.020000,3,0.030000,0.100000,lili,0,0,0.000000,0.031609
threshold,scale1.000000_phase0.000000,20261009,plane,0.020000,3,0.030000,0.300000,zhang,3,3,0.295587,0.035630
threshold,scale1.000000_phase0.000000,20261009,plane,0.020000,3,0.030000,0.300000,lili,3,3,3.276283,0.036575
threshold,scale1.000000_phase0.000000,20261009,closed_cylinder,0.020000,3,0.030000,0.300000,zhang,2,2,1.031344,0.038697
threshold,scale1.000000_phase0.000000,20261009,closed_cylinder,0.020000,3,0.030000,0.300000,lili,2,2,2.640258,0.038827
threshold,scale1.000000_phase0.000000,20261009,open_cylinder,0.020000,3,0.030000,0.300000,zhang,2,2,1.984726,0.038962
threshold,scale1.000000_phase0.000000,20261009,open_cylinder,0.020000,3,0.030000,0.300000,lili,2,2,3.328251,0.039994
threshold,scale1.000000_phase0.000000,20261009,sinusoidal_cylinder,0.020000,3,0.030000,0.300000,zhang,1,1,6.937431,0.031237
threshold,scale1.000000_phase0.000000,20261009,sinusoidal_cylinder,0.020000,3,0.030000,0.300000,lili,1,1,11.166082,0.030991
threshold,scale1.000000_phase0.000000,20261009,screw_tube,0.020000,3,0.030000,0.300000,zhang,1,2,8.908290,0.018315
threshold,scale1.000000_phase0.000000,20261009,screw_tube,0.020000,3,0.030000,0.300000,lili,1,1,11.858782,0.017953
threshold,scale1.000000_phase0.000000,20261009,random_surface,0.020000,3,0.030000,0.300000,zhang,0,0,0.000000,0.031609
threshold,scale1.000000_phase0.000000,20261009,random_surface,0.020000,3,0.030000,0.300000,lili,0,0,0.000000,0.031609
threshold,scale1.000000_phase0.000000,20261009,plane,0.020000,3,0.100000,0.050000,zhang,3,3,0.295587,0.035630
threshold,scale1.000000_phase0.000000,20261009,plane,0.020000,3,0.100000,0.050000,lili,3,3,3.276283,0.036575
threshold,scale1.000000_phase0.000000,20261009,closed_cylinder,0.020000,3,0.100000,0.050000,zhang,2,2,1.031344,0.038697
threshold,scale1.000000_phase0.000000,20261009,closed_cylinder,0.020000,3,0.100000,0.050000,lili,2,1,71.255413,0.031205
threshold,scale1.000000_phase0.000000,20261009,open_cylinder,0.020000,3,0.100000,0.050000,zhang,2,2,1.984726,0.038962
threshold,scale1.000000_phase0.000000,20261009,open_cylinder,0.020000,3,0.100000,0.050000,lili,2,1,59.677321,0.031040
threshold,scale1.000000_phase0.000000,20261009,sinusoidal_cylinder,0.020000,3,0.100000,0.050000,zhang,1,1,6.937431,0.031237
threshold,scale1.000000_phase0.000000,20261009,sinusoidal_cylinder,0.020000,3,0.100000,0.050000,lili,1,1,11.166082,0.030991
threshold,scale1.000000_phase0.000000,20261009,screw_tube,0.020000,3,0.100000,0.050000,zhang,1,2,8.908290,0.018315
threshold,scale1.000000_phase0.000000,20261009,screw_tube,0.020000,3,0.100000,0.050000,lili,1,1,11.858782,0.017953
threshold,scale1.000000_phase0.000000,20261009,random_surface,0.020000,3,0.100000,0.050000,zhang,0,0,0.000000,0.031609
threshold,scale1.000000_phase0.000000,20261009,random_surface,0.020000,3,0.100000,0.050000,lili,0,0,0.000000,0.031609
threshold,scale1.000000_phase0.000000,20261009,plane,0.020000,3,0.100000,0.100000,zhang,3,3,0.295587,0.035630
threshold,scale1.000000_phase0.000000,20261009,plane,0.020000,3,0.100000,0.100000,lili,3,3,3.276283,0.036575
threshold,scale1.000000_phase0.000000,20261009,closed_cylinder,0.020000,3,0.100000,0.100000,zhang,2,2,1.031344,0.038697
threshold,scale1.000000_phase0.000000,20261009,closed_cylinder,0.020000,3,0.100000,0.100000,lili,2,1,71.255413,0.031205
threshold,scale1.000000_phase0.000000,20261009,open_cylinder,0.020000,3,0.100000,0.100000,zhang,2,2,1.984726,0.038962
threshold,scale1.000000_phase0.000000,20261009,open_cylinder,0.020000,3,0.100000,0.100000,lili,2,1,59.677321,0.031040
threshold,scale1.000000_phase0.000000,20261009,sinusoidal_cylinder,0.020000,3,0.100000,0.100000,zhang,1,1,6.937431,0.031237
threshold,scale1.000000_phase0.000000,20261009,sinusoidal_cylinder,0.020000,3,0.100000,0.100000,lili,1,1,11.166082,0.030991
threshold,scale1.000000_phase0.000000,20261009,screw_tube,0.020000,3,0.100000,0.100000,zhang,1,2,8.908290,0.018315
threshold,scale1.000000_phase0.000000,20261009,screw_tube,0.020000,3,0.100000,0.100000,lili,1,1,11.858782,0.017953
threshold,scale1.000000_phase0.000000,20261009,random_surface,0.020000,3,0.100000,0.100000,zhang,0,0,0.000000,0.031609
threshold,scale1.000000_phase0.000000,20261009,random_surface,0.020000,3,0.100000,0.100000,lili,0,0,0.000000,0.031609
threshold,scale1.000000_phase0.000000,20261009,plane,0.020000,3,0.100000,0.300000,zhang,3,3,0.295587,0.035630
threshold,scale1.000000_phase0.000000,20261009,plane,0.020000,3,0.100000,0.300000,lili,3,3,3.276283,0.036575
threshold,scale1.000000_phase0.000000,20261009,closed_cylinder,0.020000,3,0.100000,0.300000,zhang,2,2,1.031344,0.038697
threshold,scale1.000000_phase0.000000,20261009,closed_cylinder,0.020000,3,0.100000,0.300000,lili,2,1,71.255413,0.031205
threshold,scale1.000000_phase0.000000,20261009,open_cylinder,0.020000,3,0.100000,0.300000,zhang,2,2,1.984726,0.038962
threshold,scale1.000000_phase0.000000,20261009,open_cylinder,0.020000,3,0.100000,0.300000,lili,2,1,59.638176,0.031047
threshold,scale1.000000_phase0.000000,20261009,sinusoidal_cylinder,0.020000,3,0.100000,0.300000,zhang,1,1,6.937431,0.031237
threshold,scale1.000000_phase0.000000,20261009,sinusoidal_cylinder,0.020000,3,0.100000,0.300000,lili,1,1,11.166082,0.030991
threshold,scale1.000000_phase0.000000,20261009,screw_tube,0.020000,3,0.100000,0.300000,zhang,1,2,8.908290,0.018315
threshold,scale1.000000_phase0.000000,20261009,screw_tube,0.020000,3,0.100000,0.300000,lili,1,1,11.858782,0.017953
threshold,scale1.000000_phase0.000000,20261009,random_surface,0.020000,3,0.100000,0.300000,zhang,0,0,0.000000,0.031609
threshold,scale1.000000_phase0.000000,20261009,random_surface,0.020000,3,0.100000,0.300000,lili,0,0,0.000000,0.031609
